-- phpMyAdmin SQL Dump
-- version 5.0.4
-- https://www.phpmyadmin.net/
--
-- Host: 127.0.0.1
-- Generation Time: Dec 07, 2021 at 09:30 PM
-- Server version: 8.0.22
-- PHP Version: 8.0.7

SET SQL_MODE = "NO_AUTO_VALUE_ON_ZERO";
START TRANSACTION;
SET time_zone = "+00:00";


/*!40101 SET @OLD_CHARACTER_SET_CLIENT=@@CHARACTER_SET_CLIENT */;
/*!40101 SET @OLD_CHARACTER_SET_RESULTS=@@CHARACTER_SET_RESULTS */;
/*!40101 SET @OLD_COLLATION_CONNECTION=@@COLLATION_CONNECTION */;
/*!40101 SET NAMES utf8mb4 */;

--
-- Database: `flight_booking`
--

DELIMITER $$
--
-- Procedures
--
CREATE DEFINER=`root`@`localhost` PROCEDURE `All_Flight_Info` ()  BEGIN

SELECT f.id,a.AirlinesName,ac.AricraftName,
       f.planID, f.date, fr.DepartureAirport_Id as Departure_From,
       fr.ArrivalAirport_Id as Arrivel_To,
       fp.DepartureTime,
       fp.ArrivalTime,
       rp.BusinessClassPrice,
       rp.EconomyClassPrice,
       f.BusinessClassSeat as available_BC_Seat,
       f.EconomyClassSeat as available_EC_Seat

FROM flight f
JOIN flightplan fp
    ON f.planID =fp.id
join routeprice rp
    on fp.Routeprice_Id = rp.id
join flightroutes fr
    on rp.FlightRoute_Id= fr.id
join aricrafts ac on rp.Aircrafts_Id= ac.id
join airlines a on ac.AirlinesId= a.id
order by f.id;
END$$

CREATE DEFINER=`root`@`localhost` PROCEDURE `All_tickets` (IN `b_Id` VARCHAR(5))  begin
SELECT ati.BookingID,ati.Ticket_Num,ati.PassengerName,afi.AirlinesName,afi.AricraftName,
       afi.planID as Flight_Num,afi.date, afi.Departure_From ,
       afi.Arrival_To,
       afi.DepartureTime,
       afi.ArrivalTime,
       ati.Class, 
       ati.price
FROM all_ticket_info ati
JOIN all_flight_info afi
    ON ati.Flight_Num =afi.planID and ati.date=afi.date and ati.BookingID=b_Id
    order by ati.PassengerName,afi.date;

END$$

CREATE DEFINER=`root`@`localhost` PROCEDURE `dec_seat_flight` (IN `fid` INT, IN `pnumber` INT, IN `bc` INT)  BEGIN
IF (bc = 0 )THEN
    UPDATE flight f
    SET f.EconomyClassSeat = (f.EconomyClassSeat-pnumber)
    WHERE f.id = fid;
ELSE
    UPDATE flight f
    SET f.BusinessClassSeat = (f.BusinessClassSeat-pnumber)
    WHERE f.id = fid;

END IF;
END$$

CREATE DEFINER=`root`@`localhost` PROCEDURE `Find_Flight_BC` (IN `Dat` DATE, IN `Dep` VARCHAR(3), IN `Arv` VARCHAR(3), IN `PNo` INT)  begin
   SELECT f.id,
        f.planID,a.AirlinesName,ac.AricraftName,
        f.date, fr.DepartureAirport_Id as Departure_From,
        fr.ArrivalAirport_Id as Arrival_To,
        fp.DepartureTime,
        fp.ArrivalTime,
        rp.BusinessClassPrice

FROM flight f
JOIN flightplan fp
    ON f.planID =fp.id AND f.Date=Dat AND f.BusinessClassSeat>=PNo
join routeprice rp
    on fp.Routeprice_Id = rp.id
join flightroutes fr
    on rp.FlightRoute_Id= fr.id AND fr.DepartureAirport_Id=Dep
           AND fr.ArrivalAirport_Id=Arv
join aricrafts ac on rp.Aircrafts_Id= ac.id
join airlines a on ac.AirlinesId= a.id;
END$$

CREATE DEFINER=`root`@`localhost` PROCEDURE `Find_Flight_EC` (IN `Dat` DATE, IN `Dep` VARCHAR(3), IN `Arv` VARCHAR(3), IN `PNo` INT)  begin
   SELECT v.id, 
        v.planID,v.AirlinesName,v.AricraftName,
        v.date, v.Departure_From,
        v.Arrival_To,
        v.DepartureTime,
        v.ArrivalTime,
        v.EconomyClassPrice
FROM all_flight_info v where  v.Date=Dat AND v.available_EC_Seat>=PNo
AND v.Departure_From=Dep AND v.Arrival_To=Arv;

END$$

CREATE DEFINER=`root`@`localhost` PROCEDURE `Find_Flight_info` (IN `Dat` DATE, IN `Dep` VARCHAR(3), IN `Arv` VARCHAR(3))  begin
   SELECT a.AirlinesName,ac.AricraftName,
       f.planID, f.date, fr.DepartureAirport_Id as Departure_From,
       fr.ArrivalAirport_Id as Arrivel_To,
       fp.DepartureTime,
       fp.ArrivalTime,
       rp.BusinessClassPrice,
       rp.EconomyClassPrice,
       f.BusinessClassSeat as available_BC_Seat,
       f.EconomyClassSeat as available_EC_Seat

FROM flight f
JOIN flightplan fp
    ON f.planID =fp.id AND f.Date=Dat
join routeprice rp
    on fp.Routeprice_Id = rp.id
join flightroutes fr
    on rp.FlightRoute_Id= fr.id AND fr.DepartureAirport_Id=Dep AND fr.ArrivalAirport_Id=Arv
join aricrafts ac on rp.Aircrafts_Id= ac.id
join airlines a on ac.AirlinesId= a.id;


END$$

CREATE DEFINER=`root`@`localhost` PROCEDURE `get_all_airport_codes` ()  select * from airports$$

CREATE DEFINER=`root`@`localhost` PROCEDURE `insert_booking` (IN `u_ID` INT, IN `p_Num` INT, IN `d_Date` DATE, IN `r_Date` DATE, IN `b_C` TINYINT, IN `pay_ID` VARCHAR(45), IN `pay_Typ` VARCHAR(45), IN `crd_Num` INT, IN `a_t_P` FLOAT)  BEGIN
declare BookingID varchar(5);
    set BookingID= RandString(5);

    insert into booking(id,userID, NumberPassenger, Date, ReturnDate, BusinessClass,paymentID,paymentType,cardNumber,totalPrice) values
        (BookingID,u_ID, p_num,d_Date, r_Date, b_C, pay_ID, pay_Typ, crd_Num, a_t_P);
    select BookingID;
END$$

CREATE DEFINER=`root`@`localhost` PROCEDURE `insert_flight` (IN `dt` DATE)  begin

insert into flight( planID, Date, EconomyClassSeat, BusinessClassSeat, EconomyClassPrice, BusinessClassPrice)
SELECT v.id,
       dt,
       v.EconomyClassSeat,
       v.BusinessClassSeat,
       v.EconomyClassPrice,
       v.BusinessClassPrice

FROM insert_fp v;
end$$

CREATE DEFINER=`root`@`localhost` PROCEDURE `insert_passbook` (IN `b_ID` VARCHAR(6), IN `p_Name` VARCHAR(45))  BEGIN

    insert into passengerbooking(bookingid, passengerName) values
        (b_ID,p_Name);
    select max(id) from passengerbooking;
END$$

CREATE DEFINER=`root`@`localhost` PROCEDURE `insert_ticket` (IN `f_ID` INT, IN `pb_ID` INT, IN `price` FLOAT, IN `bc` TINYINT)  BEGIN

    insert into ticket(id, FlightId, PassBookId, TotalPrice, Class) values
            (RandNumbers(6),f_ID,pb_ID,Price,bc);

END$$

CREATE DEFINER=`root`@`localhost` PROCEDURE `remove_flight` (IN `dt` DATE)  begin
delete from flight where Date = dt;
END$$

--
-- Functions
--
CREATE DEFINER=`root`@`localhost` FUNCTION `get_Flight_id` (`p_id` VARCHAR(5), `t_date` DATE) RETURNS INT BEGIN
  DECLARE ret INT;
  SET ret = 0;
  SELECT f.id INTO ret
    FROM flight f
    WHERE f.planID=p_id AND f.Date=t_date;
  RETURN ret;
END$$

CREATE DEFINER=`root`@`localhost` FUNCTION `get_Price` (`f_id` INT, `bc` TINYINT) RETURNS FLOAT BEGIN
  DECLARE ret float;
  SET ret = 0;
  if (bc=0) then
    SELECT f.EconomyClassPrice into ret
        FROM flight f
        WHERE f.id=f_id;
  elseif (bc=1)then
         SELECT f.BusinessClassPrice into ret
              FROM flight f
              WHERE f.id=f_id;
    end if;

  RETURN ret;
END$$

CREATE DEFINER=`root`@`localhost` FUNCTION `RandNumbers` (`length` SMALLINT(3)) RETURNS VARCHAR(20) CHARSET utf8 begin
    declare returnStr VARCHAR(20);
    declare allChar VARCHAR(100);
    declare i int;
    SET returnStr = '';
    SET allChar = '0123456789';
    SET i = 0;

    WHILE (i < length) DO
        SET returnStr = CONCAT(returnStr, substring(allChar, FLOOR(RAND() * LENGTH(allChar) + 1), 1));
        SET i = i + 1;
    END WHILE;

    RETURN returnStr;
END$$

CREATE DEFINER=`root`@`localhost` FUNCTION `RandString` (`length` SMALLINT(3)) RETURNS VARCHAR(20) CHARSET utf8 begin
    declare returnStr VARCHAR(20);
    declare allChar VARCHAR(100);
    declare i int;
    SET returnStr = '';
    SET allChar = 'ABCDEFGHIJKLMNOPQRSTUVWXYZ0123456789';
    SET i = 0;

    WHILE (i < length) DO
        SET returnStr = CONCAT(returnStr, substring(allChar, FLOOR(RAND() * LENGTH(allChar) + 1), 1));
        SET i = i + 1;
    END WHILE;

    RETURN returnStr;
END$$

CREATE DEFINER=`root`@`localhost` FUNCTION `Total_Sell` () RETURNS FLOAT READS SQL DATA
    DETERMINISTIC
begin   DECLARE total float;

    select sum (t.TotalPrice) into total
    from ticket t
    join flight f on t.FlightId=f.id AND f.Date= (current_date()-1);
    return total;


END$$

DELIMITER ;

-- --------------------------------------------------------

--
-- Table structure for table `airlines`
--

CREATE TABLE `airlines` (
  `id` varchar(2) NOT NULL,
  `AirlinesName` varchar(45) NOT NULL
) ENGINE=InnoDB DEFAULT CHARSET=utf8;

--
-- Dumping data for table `airlines`
--

INSERT INTO `airlines` (`id`, `AirlinesName`) VALUES
('AB', 'Air Bangla'),
('AP', 'Air Parabat'),
('BG', 'Bangladesh Biman');

-- --------------------------------------------------------

--
-- Table structure for table `airports`
--

CREATE TABLE `airports` (
  `id` varchar(3) NOT NULL,
  `AirportName` varchar(45) NOT NULL
) ENGINE=InnoDB DEFAULT CHARSET=utf8;

--
-- Dumping data for table `airports`
--

INSERT INTO `airports` (`id`, `AirportName`) VALUES
('BRS', 'Barisal'),
('CHG', 'Chittagong'),
('DAC', 'Dhaka'),
('RJS', 'Rajshahi'),
('SLT', 'Sylhet');

-- --------------------------------------------------------

--
-- Stand-in structure for view `all_flight_info`
-- (See below for the actual view)
--
CREATE TABLE `all_flight_info` (
`AirlinesName` varchar(45)
,`AricraftName` varchar(45)
,`Arrival_To` varchar(3)
,`ArrivalTime` time
,`available_BC_Seat` int
,`available_EC_Seat` int
,`BusinessClassPrice` float
,`date` date
,`Departure_From` varchar(3)
,`DepartureTime` time
,`EconomyClassPrice` float
,`id` int
,`planID` varchar(5)
);

-- --------------------------------------------------------

--
-- Stand-in structure for view `all_ticket_info`
-- (See below for the actual view)
--
CREATE TABLE `all_ticket_info` (
`AirlinesName` varchar(45)
,`AricraftName` varchar(45)
,`Arrival_To` varchar(3)
,`ArrivalTime` time
,`BookingID` varchar(5)
,`Class` tinyint
,`date` date
,`Departure_From` varchar(3)
,`DepartureTime` time
,`Flight_Num` varchar(5)
,`id` int
,`PassengerName` varchar(45)
,`price` float
,`Ticket_Num` varchar(6)
,`userEmail` varchar(45)
);

-- --------------------------------------------------------

--
-- Table structure for table `aricrafts`
--

CREATE TABLE `aricrafts` (
  `id` int NOT NULL,
  `AricraftName` varchar(45) NOT NULL,
  `AirlinesId` varchar(2) NOT NULL,
  `EconomyClassSeat` int NOT NULL,
  `BusinessClassSeat` int NOT NULL
) ENGINE=InnoDB DEFAULT CHARSET=utf8;

--
-- Dumping data for table `aricrafts`
--

INSERT INTO `aricrafts` (`id`, `AricraftName`, `AirlinesId`, `EconomyClassSeat`, `BusinessClassSeat`) VALUES
(1, 'Dash-8', 'BG', 42, 12),
(2, 'F-27', 'BG', 46, 14),
(3, 'Dash-8', 'AB', 42, 12),
(4, 'Dash-8', 'AP', 42, 12);

-- --------------------------------------------------------

--
-- Table structure for table `booking`
--

CREATE TABLE `booking` (
  `id` varchar(5) NOT NULL,
  `userID` int NOT NULL,
  `NumberPassenger` int NOT NULL,
  `Date` date NOT NULL,
  `ReturnDate` date DEFAULT NULL,
  `BusinessClass` tinyint NOT NULL,
  `paymentID` varchar(45) NOT NULL,
  `paymentType` varchar(45) NOT NULL,
  `cardNumber` int NOT NULL,
  `totalPrice` float NOT NULL
) ENGINE=InnoDB DEFAULT CHARSET=utf8;

--
-- Dumping data for table `booking`
--

INSERT INTO `booking` (`id`, `userID`, `NumberPassenger`, `Date`, `ReturnDate`, `BusinessClass`, `paymentID`, `paymentType`, `cardNumber`, `totalPrice`) VALUES
('020KH', 1, 2, '2021-06-07', '2021-06-10', 0, 'ch_1J4rvFBZKoh50aXEKcYIji0L', 'Visa', 4242, 4200),
('C0QC7', 1, 2, '2021-05-24', '2021-05-26', 0, 'ch_1ItTazBZKoh50aXERZM7L31A', 'Visa', 4242, 5200),
('DP21M', 1, 2, '2021-06-11', '2021-06-13', 0, 'ch_1IzezhBZKoh50aXERTLtnXAu', 'Visa', 4242, 5200),
('GR69J', 2, 3, '2021-05-24', '2021-05-26', 0, 'ch_1ItUgCBZKoh50aXEAwnfJ2yS', 'Visa', 4242, 8100),
('IQTL9', 1, 2, '2021-05-24', '2021-05-26', 0, 'ch_1ItUm2BZKoh50aXEDEqo9NvR', 'Visa', 4242, 5400),
('QDGVO', 1, 2, '2021-05-24', '2021-05-26', 0, 'ch_1ItSMPBZKoh50aXE5T8S27nu', 'Visa', 4242, 5400),
('R3UOK', 1, 2, '2021-06-10', '2021-06-12', 0, 'ch_1IzTTXBZKoh50aXEHBsCJUUN', 'Visa', 4242, 5200),
('TTAPE', 1, 2, '2021-05-24', '2021-05-26', 0, 'ch_1ItUWFBZKoh50aXEQ5RZ880g', 'Visa', 4242, 5200),
('Z0TR5', 2, 2, '2021-05-24', '2021-05-26', 0, 'ch_1ItULIBZKoh50aXEksKLdl5Q', 'Visa', 4242, 5200);

-- --------------------------------------------------------

--
-- Table structure for table `flight`
--

CREATE TABLE `flight` (
  `id` int NOT NULL,
  `planID` varchar(5) NOT NULL,
  `Date` date NOT NULL,
  `EconomyClassSeat` int DEFAULT NULL,
  `BusinessClassSeat` int DEFAULT NULL,
  `EconomyClassPrice` float DEFAULT NULL,
  `BusinessClassPrice` float DEFAULT NULL
) ENGINE=InnoDB DEFAULT CHARSET=utf8;

--
-- Dumping data for table `flight`
--

INSERT INTO `flight` (`id`, `planID`, `Date`, `EconomyClassSeat`, `BusinessClassSeat`, `EconomyClassPrice`, `BusinessClassPrice`) VALUES
(2519, 'BG003', '2021-05-24', 42, 12, 1050, 1500),
(2520, 'BG015', '2021-05-24', 42, 12, 1050, 1500),
(2521, 'BG004', '2021-05-24', 42, 12, 1050, 1500),
(2522, 'BG016', '2021-05-24', 42, 12, 1050, 1500),
(2523, 'BG005', '2021-05-24', 42, 12, 1150, 1600),
(2524, 'BG017', '2021-05-24', 42, 12, 1150, 1600),
(2525, 'BG006', '2021-05-24', 42, 12, 1150, 1600),
(2526, 'BG018', '2021-05-24', 42, 12, 1150, 1600),
(2527, 'BG001', '2021-05-24', 44, 14, 1350, 2000),
(2528, 'BG009', '2021-05-24', 46, 14, 1350, 2000),
(2529, 'BG013', '2021-05-24', 46, 14, 1350, 2000),
(2530, 'BG021', '2021-05-24', 46, 14, 1350, 2000),
(2531, 'BG002', '2021-05-24', 41, 14, 1350, 2000),
(2532, 'BG010', '2021-05-24', 46, 14, 1350, 2000),
(2533, 'BG014', '2021-05-24', 46, 14, 1350, 2000),
(2534, 'BG022', '2021-05-24', 46, 14, 1350, 2000),
(2535, 'BG007', '2021-05-24', 46, 14, 1350, 2000),
(2536, 'BG011', '2021-05-24', 46, 14, 1350, 2000),
(2537, 'BG019', '2021-05-24', 46, 14, 1350, 2000),
(2538, 'BG023', '2021-05-24', 46, 14, 1350, 2000),
(2539, 'BG008', '2021-05-24', 46, 14, 1350, 2000),
(2540, 'BG012', '2021-05-24', 46, 14, 1350, 2000),
(2541, 'BG020', '2021-05-24', 46, 14, 1350, 2000),
(2542, 'BG024', '2021-05-24', 46, 14, 1350, 2000),
(2543, 'AB025', '2021-05-24', 36, 12, 1300, 1800),
(2544, 'AB031', '2021-05-24', 42, 12, 1300, 1800),
(2545, 'AB026', '2021-05-24', 42, 12, 1300, 1800),
(2546, 'AB032', '2021-05-24', 42, 12, 1300, 1800),
(2547, 'AB027', '2021-05-24', 42, 12, 1500, 2000),
(2548, 'AB033', '2021-05-24', 42, 12, 1500, 2000),
(2549, 'AB028', '2021-05-24', 42, 12, 1500, 2000),
(2550, 'AB034', '2021-05-24', 42, 12, 1500, 2000),
(2551, 'AB029', '2021-05-24', 42, 12, 1000, 1400),
(2552, 'AB035', '2021-05-24', 42, 12, 1000, 1400),
(2553, 'AB030', '2021-05-24', 42, 12, 1000, 1400),
(2554, 'AB036', '2021-05-24', 42, 12, 1000, 1400),
(2555, 'AP037', '2021-05-24', 42, 12, 1450, 1850),
(2556, 'AP043', '2021-05-24', 42, 12, 1450, 1850),
(2557, 'AP038', '2021-05-24', 42, 12, 1450, 1850),
(2558, 'AP044', '2021-05-24', 42, 12, 1450, 1850),
(2559, 'AP039', '2021-05-24', 42, 12, 1500, 1900),
(2560, 'AP045', '2021-05-24', 42, 12, 1500, 1900),
(2561, 'AP040', '2021-05-24', 42, 12, 1500, 1900),
(2562, 'AP046', '2021-05-24', 42, 12, 1500, 1900),
(2563, 'AP041', '2021-05-24', 40, 12, 1350, 1750),
(2564, 'AP047', '2021-05-24', 42, 12, 1350, 1750),
(2565, 'AP042', '2021-05-24', 42, 12, 1350, 1750),
(2566, 'AP048', '2021-05-24', 42, 12, 1350, 1750),
(2582, 'BG003', '2021-05-25', 42, 12, 1050, 1500),
(2583, 'BG015', '2021-05-25', 42, 12, 1050, 1500),
(2584, 'BG004', '2021-05-25', 42, 12, 1050, 1500),
(2585, 'BG016', '2021-05-25', 42, 12, 1050, 1500),
(2586, 'BG005', '2021-05-25', 42, 12, 1150, 1600),
(2587, 'BG017', '2021-05-25', 42, 12, 1150, 1600),
(2588, 'BG006', '2021-05-25', 42, 12, 1150, 1600),
(2589, 'BG018', '2021-05-25', 42, 12, 1150, 1600),
(2590, 'BG001', '2021-05-25', 44, 14, 1350, 2000),
(2591, 'BG009', '2021-05-25', 46, 14, 1350, 2000),
(2592, 'BG013', '2021-05-25', 46, 14, 1350, 2000),
(2593, 'BG021', '2021-05-25', 46, 14, 1350, 2000),
(2594, 'BG002', '2021-05-25', 46, 14, 1350, 2000),
(2595, 'BG010', '2021-05-25', 46, 14, 1350, 2000),
(2596, 'BG014', '2021-05-25', 46, 14, 1350, 2000),
(2597, 'BG022', '2021-05-25', 46, 14, 1350, 2000),
(2598, 'BG007', '2021-05-25', 46, 14, 1350, 2000),
(2599, 'BG011', '2021-05-25', 46, 14, 1350, 2000),
(2600, 'BG019', '2021-05-25', 46, 14, 1350, 2000),
(2601, 'BG023', '2021-05-25', 46, 14, 1350, 2000),
(2602, 'BG008', '2021-05-25', 46, 14, 1350, 2000),
(2603, 'BG012', '2021-05-25', 46, 14, 1350, 2000),
(2604, 'BG020', '2021-05-25', 46, 14, 1350, 2000),
(2605, 'BG024', '2021-05-25', 46, 14, 1350, 2000),
(2606, 'AB025', '2021-05-25', 42, 12, 1300, 1800),
(2607, 'AB031', '2021-05-25', 42, 12, 1300, 1800),
(2608, 'AB026', '2021-05-25', 42, 12, 1300, 1800),
(2609, 'AB032', '2021-05-25', 42, 12, 1300, 1800),
(2610, 'AB027', '2021-05-25', 42, 12, 1500, 2000),
(2611, 'AB033', '2021-05-25', 42, 12, 1500, 2000),
(2612, 'AB028', '2021-05-25', 42, 12, 1500, 2000),
(2613, 'AB034', '2021-05-25', 42, 12, 1500, 2000),
(2614, 'AB029', '2021-05-25', 42, 12, 1000, 1400),
(2615, 'AB035', '2021-05-25', 42, 12, 1000, 1400),
(2616, 'AB030', '2021-05-25', 42, 12, 1000, 1400),
(2617, 'AB036', '2021-05-25', 42, 12, 1000, 1400),
(2618, 'AP037', '2021-05-25', 42, 12, 1450, 1850),
(2619, 'AP043', '2021-05-25', 42, 12, 1450, 1850),
(2620, 'AP038', '2021-05-25', 42, 12, 1450, 1850),
(2621, 'AP044', '2021-05-25', 42, 12, 1450, 1850),
(2622, 'AP039', '2021-05-25', 42, 12, 1500, 1900),
(2623, 'AP045', '2021-05-25', 42, 12, 1500, 1900),
(2624, 'AP040', '2021-05-25', 42, 12, 1500, 1900),
(2625, 'AP046', '2021-05-25', 42, 12, 1500, 1900),
(2626, 'AP041', '2021-05-25', 42, 12, 1350, 1750),
(2627, 'AP047', '2021-05-25', 42, 12, 1350, 1750),
(2628, 'AP042', '2021-05-25', 42, 12, 1350, 1750),
(2629, 'AP048', '2021-05-25', 42, 12, 1350, 1750),
(2645, 'BG003', '2021-05-26', 42, 12, 1050, 1500),
(2646, 'BG015', '2021-05-26', 42, 12, 1050, 1500),
(2647, 'BG004', '2021-05-26', 42, 12, 1050, 1500),
(2648, 'BG016', '2021-05-26', 42, 12, 1050, 1500),
(2649, 'BG005', '2021-05-26', 42, 12, 1150, 1600),
(2650, 'BG017', '2021-05-26', 42, 12, 1150, 1600),
(2651, 'BG006', '2021-05-26', 42, 12, 1150, 1600),
(2652, 'BG018', '2021-05-26', 42, 12, 1150, 1600),
(2653, 'BG001', '2021-05-26', 43, 14, 1350, 2000),
(2654, 'BG009', '2021-05-26', 46, 14, 1350, 2000),
(2655, 'BG013', '2021-05-26', 46, 14, 1350, 2000),
(2656, 'BG021', '2021-05-26', 46, 14, 1350, 2000),
(2657, 'BG002', '2021-05-26', 44, 14, 1350, 2000),
(2658, 'BG010', '2021-05-26', 46, 14, 1350, 2000),
(2659, 'BG014', '2021-05-26', 46, 14, 1350, 2000),
(2660, 'BG022', '2021-05-26', 46, 14, 1350, 2000),
(2661, 'BG007', '2021-05-26', 46, 14, 1350, 2000),
(2662, 'BG011', '2021-05-26', 46, 14, 1350, 2000),
(2663, 'BG019', '2021-05-26', 46, 14, 1350, 2000),
(2664, 'BG023', '2021-05-26', 46, 14, 1350, 2000),
(2665, 'BG008', '2021-05-26', 46, 14, 1350, 2000),
(2666, 'BG012', '2021-05-26', 46, 14, 1350, 2000),
(2667, 'BG020', '2021-05-26', 46, 14, 1350, 2000),
(2668, 'BG024', '2021-05-26', 46, 14, 1350, 2000),
(2669, 'AB025', '2021-05-26', 42, 12, 1300, 1800),
(2670, 'AB031', '2021-05-26', 42, 12, 1300, 1800),
(2671, 'AB026', '2021-05-26', 36, 12, 1300, 1800),
(2672, 'AB032', '2021-05-26', 42, 12, 1300, 1800),
(2673, 'AB027', '2021-05-26', 42, 12, 1500, 2000),
(2674, 'AB033', '2021-05-26', 42, 12, 1500, 2000),
(2675, 'AB028', '2021-05-26', 42, 12, 1500, 2000),
(2676, 'AB034', '2021-05-26', 42, 12, 1500, 2000),
(2677, 'AB029', '2021-05-26', 42, 12, 1000, 1400),
(2678, 'AB035', '2021-05-26', 42, 12, 1000, 1400),
(2679, 'AB030', '2021-05-26', 42, 12, 1000, 1400),
(2680, 'AB036', '2021-05-26', 42, 12, 1000, 1400),
(2681, 'AP037', '2021-05-26', 42, 12, 1450, 1850),
(2682, 'AP043', '2021-05-26', 42, 12, 1450, 1850),
(2683, 'AP038', '2021-05-26', 42, 12, 1450, 1850),
(2684, 'AP044', '2021-05-26', 42, 12, 1450, 1850),
(2685, 'AP039', '2021-05-26', 42, 12, 1500, 1900),
(2686, 'AP045', '2021-05-26', 42, 12, 1500, 1900),
(2687, 'AP040', '2021-05-26', 42, 12, 1500, 1900),
(2688, 'AP046', '2021-05-26', 42, 12, 1500, 1900),
(2689, 'AP041', '2021-05-26', 42, 12, 1350, 1750),
(2690, 'AP047', '2021-05-26', 42, 12, 1350, 1750),
(2691, 'AP042', '2021-05-26', 40, 12, 1350, 1750),
(2692, 'AP048', '2021-05-26', 42, 12, 1350, 1750),
(2708, 'BG003', '2021-05-27', 42, 12, 1050, 1500),
(2709, 'BG015', '2021-05-27', 42, 12, 1050, 1500),
(2710, 'BG004', '2021-05-27', 42, 12, 1050, 1500),
(2711, 'BG016', '2021-05-27', 42, 12, 1050, 1500),
(2712, 'BG005', '2021-05-27', 42, 12, 1150, 1600),
(2713, 'BG017', '2021-05-27', 42, 12, 1150, 1600),
(2714, 'BG006', '2021-05-27', 42, 12, 1150, 1600),
(2715, 'BG018', '2021-05-27', 42, 12, 1150, 1600),
(2716, 'BG001', '2021-05-27', 46, 14, 1350, 2000),
(2717, 'BG009', '2021-05-27', 46, 14, 1350, 2000),
(2718, 'BG013', '2021-05-27', 46, 14, 1350, 2000),
(2719, 'BG021', '2021-05-27', 46, 14, 1350, 2000),
(2720, 'BG002', '2021-05-27', 46, 14, 1350, 2000),
(2721, 'BG010', '2021-05-27', 46, 14, 1350, 2000),
(2722, 'BG014', '2021-05-27', 46, 14, 1350, 2000),
(2723, 'BG022', '2021-05-27', 46, 14, 1350, 2000),
(2724, 'BG007', '2021-05-27', 46, 14, 1350, 2000),
(2725, 'BG011', '2021-05-27', 46, 14, 1350, 2000),
(2726, 'BG019', '2021-05-27', 46, 14, 1350, 2000),
(2727, 'BG023', '2021-05-27', 46, 14, 1350, 2000),
(2728, 'BG008', '2021-05-27', 46, 14, 1350, 2000),
(2729, 'BG012', '2021-05-27', 46, 14, 1350, 2000),
(2730, 'BG020', '2021-05-27', 46, 14, 1350, 2000),
(2731, 'BG024', '2021-05-27', 46, 14, 1350, 2000),
(2732, 'AB025', '2021-05-27', 42, 12, 1300, 1800),
(2733, 'AB031', '2021-05-27', 42, 12, 1300, 1800),
(2734, 'AB026', '2021-05-27', 42, 12, 1300, 1800),
(2735, 'AB032', '2021-05-27', 42, 12, 1300, 1800),
(2736, 'AB027', '2021-05-27', 42, 12, 1500, 2000),
(2737, 'AB033', '2021-05-27', 42, 12, 1500, 2000),
(2738, 'AB028', '2021-05-27', 42, 12, 1500, 2000),
(2739, 'AB034', '2021-05-27', 42, 12, 1500, 2000),
(2740, 'AB029', '2021-05-27', 42, 12, 1000, 1400),
(2741, 'AB035', '2021-05-27', 42, 12, 1000, 1400),
(2742, 'AB030', '2021-05-27', 42, 12, 1000, 1400),
(2743, 'AB036', '2021-05-27', 42, 12, 1000, 1400),
(2744, 'AP037', '2021-05-27', 42, 12, 1450, 1850),
(2745, 'AP043', '2021-05-27', 42, 12, 1450, 1850),
(2746, 'AP038', '2021-05-27', 42, 12, 1450, 1850),
(2747, 'AP044', '2021-05-27', 42, 12, 1450, 1850),
(2748, 'AP039', '2021-05-27', 42, 12, 1500, 1900),
(2749, 'AP045', '2021-05-27', 42, 12, 1500, 1900),
(2750, 'AP040', '2021-05-27', 42, 12, 1500, 1900),
(2751, 'AP046', '2021-05-27', 42, 12, 1500, 1900),
(2752, 'AP041', '2021-05-27', 42, 12, 1350, 1750),
(2753, 'AP047', '2021-05-27', 42, 12, 1350, 1750),
(2754, 'AP042', '2021-05-27', 42, 12, 1350, 1750),
(2755, 'AP048', '2021-05-27', 42, 12, 1350, 1750),
(2771, 'BG003', '2021-05-28', 42, 12, 1050, 1500),
(2772, 'BG015', '2021-05-28', 42, 12, 1050, 1500),
(2773, 'BG004', '2021-05-28', 42, 12, 1050, 1500),
(2774, 'BG016', '2021-05-28', 42, 12, 1050, 1500),
(2775, 'BG005', '2021-05-28', 42, 12, 1150, 1600),
(2776, 'BG017', '2021-05-28', 42, 12, 1150, 1600),
(2777, 'BG006', '2021-05-28', 42, 12, 1150, 1600),
(2778, 'BG018', '2021-05-28', 42, 12, 1150, 1600),
(2779, 'BG001', '2021-05-28', 46, 14, 1350, 2000),
(2780, 'BG009', '2021-05-28', 46, 14, 1350, 2000),
(2781, 'BG013', '2021-05-28', 46, 14, 1350, 2000),
(2782, 'BG021', '2021-05-28', 46, 14, 1350, 2000),
(2783, 'BG002', '2021-05-28', 46, 14, 1350, 2000),
(2784, 'BG010', '2021-05-28', 46, 14, 1350, 2000),
(2785, 'BG014', '2021-05-28', 46, 14, 1350, 2000),
(2786, 'BG022', '2021-05-28', 46, 14, 1350, 2000),
(2787, 'BG007', '2021-05-28', 46, 14, 1350, 2000),
(2788, 'BG011', '2021-05-28', 46, 14, 1350, 2000),
(2789, 'BG019', '2021-05-28', 46, 14, 1350, 2000),
(2790, 'BG023', '2021-05-28', 46, 14, 1350, 2000),
(2791, 'BG008', '2021-05-28', 46, 14, 1350, 2000),
(2792, 'BG012', '2021-05-28', 46, 14, 1350, 2000),
(2793, 'BG020', '2021-05-28', 46, 14, 1350, 2000),
(2794, 'BG024', '2021-05-28', 46, 14, 1350, 2000),
(2795, 'AB025', '2021-05-28', 42, 12, 1300, 1800),
(2796, 'AB031', '2021-05-28', 42, 12, 1300, 1800),
(2797, 'AB026', '2021-05-28', 42, 12, 1300, 1800),
(2798, 'AB032', '2021-05-28', 42, 12, 1300, 1800),
(2799, 'AB027', '2021-05-28', 42, 12, 1500, 2000),
(2800, 'AB033', '2021-05-28', 42, 12, 1500, 2000),
(2801, 'AB028', '2021-05-28', 42, 12, 1500, 2000),
(2802, 'AB034', '2021-05-28', 42, 12, 1500, 2000),
(2803, 'AB029', '2021-05-28', 42, 12, 1000, 1400),
(2804, 'AB035', '2021-05-28', 42, 12, 1000, 1400),
(2805, 'AB030', '2021-05-28', 42, 12, 1000, 1400),
(2806, 'AB036', '2021-05-28', 42, 12, 1000, 1400),
(2807, 'AP037', '2021-05-28', 42, 12, 1450, 1850),
(2808, 'AP043', '2021-05-28', 42, 12, 1450, 1850),
(2809, 'AP038', '2021-05-28', 42, 12, 1450, 1850),
(2810, 'AP044', '2021-05-28', 42, 12, 1450, 1850),
(2811, 'AP039', '2021-05-28', 42, 12, 1500, 1900),
(2812, 'AP045', '2021-05-28', 42, 12, 1500, 1900),
(2813, 'AP040', '2021-05-28', 42, 12, 1500, 1900),
(2814, 'AP046', '2021-05-28', 42, 12, 1500, 1900),
(2815, 'AP041', '2021-05-28', 42, 12, 1350, 1750),
(2816, 'AP047', '2021-05-28', 42, 12, 1350, 1750),
(2817, 'AP042', '2021-05-28', 42, 12, 1350, 1750),
(2818, 'AP048', '2021-05-28', 42, 12, 1350, 1750),
(2834, 'BG003', '2021-05-30', 42, 12, 1050, 1500),
(2835, 'BG015', '2021-05-30', 42, 12, 1050, 1500),
(2836, 'BG004', '2021-05-30', 42, 12, 1050, 1500),
(2837, 'BG016', '2021-05-30', 42, 12, 1050, 1500),
(2838, 'BG005', '2021-05-30', 42, 12, 1150, 1600),
(2839, 'BG017', '2021-05-30', 42, 12, 1150, 1600),
(2840, 'BG006', '2021-05-30', 42, 12, 1150, 1600),
(2841, 'BG018', '2021-05-30', 42, 12, 1150, 1600),
(2842, 'BG001', '2021-05-30', 46, 14, 1350, 2000),
(2843, 'BG009', '2021-05-30', 46, 14, 1350, 2000),
(2844, 'BG013', '2021-05-30', 46, 14, 1350, 2000),
(2845, 'BG021', '2021-05-30', 46, 14, 1350, 2000),
(2846, 'BG002', '2021-05-30', 46, 14, 1350, 2000),
(2847, 'BG010', '2021-05-30', 46, 14, 1350, 2000),
(2848, 'BG014', '2021-05-30', 46, 14, 1350, 2000),
(2849, 'BG022', '2021-05-30', 46, 14, 1350, 2000),
(2850, 'BG007', '2021-05-30', 46, 14, 1350, 2000),
(2851, 'BG011', '2021-05-30', 46, 14, 1350, 2000),
(2852, 'BG019', '2021-05-30', 46, 14, 1350, 2000),
(2853, 'BG023', '2021-05-30', 46, 14, 1350, 2000),
(2854, 'BG008', '2021-05-30', 46, 14, 1350, 2000),
(2855, 'BG012', '2021-05-30', 46, 14, 1350, 2000),
(2856, 'BG020', '2021-05-30', 46, 14, 1350, 2000),
(2857, 'BG024', '2021-05-30', 46, 14, 1350, 2000),
(2858, 'AB025', '2021-05-30', 42, 12, 1300, 1800),
(2859, 'AB031', '2021-05-30', 42, 12, 1300, 1800),
(2860, 'AB026', '2021-05-30', 42, 12, 1300, 1800),
(2861, 'AB032', '2021-05-30', 42, 12, 1300, 1800),
(2862, 'AB027', '2021-05-30', 42, 12, 1500, 2000),
(2863, 'AB033', '2021-05-30', 42, 12, 1500, 2000),
(2864, 'AB028', '2021-05-30', 42, 12, 1500, 2000),
(2865, 'AB034', '2021-05-30', 42, 12, 1500, 2000),
(2866, 'AB029', '2021-05-30', 42, 12, 1000, 1400),
(2867, 'AB035', '2021-05-30', 42, 12, 1000, 1400),
(2868, 'AB030', '2021-05-30', 42, 12, 1000, 1400),
(2869, 'AB036', '2021-05-30', 42, 12, 1000, 1400),
(2870, 'AP037', '2021-05-30', 42, 12, 1450, 1850),
(2871, 'AP043', '2021-05-30', 42, 12, 1450, 1850),
(2872, 'AP038', '2021-05-30', 42, 12, 1450, 1850),
(2873, 'AP044', '2021-05-30', 42, 12, 1450, 1850),
(2874, 'AP039', '2021-05-30', 42, 12, 1500, 1900),
(2875, 'AP045', '2021-05-30', 42, 12, 1500, 1900),
(2876, 'AP040', '2021-05-30', 42, 12, 1500, 1900),
(2877, 'AP046', '2021-05-30', 42, 12, 1500, 1900),
(2878, 'AP041', '2021-05-30', 42, 12, 1350, 1750),
(2879, 'AP047', '2021-05-30', 42, 12, 1350, 1750),
(2880, 'AP042', '2021-05-30', 42, 12, 1350, 1750),
(2881, 'AP048', '2021-05-30', 42, 12, 1350, 1750),
(2897, 'BG003', '2021-05-31', 42, 12, 1050, 1500),
(2898, 'BG015', '2021-05-31', 42, 12, 1050, 1500),
(2899, 'BG004', '2021-05-31', 42, 12, 1050, 1500),
(2900, 'BG016', '2021-05-31', 42, 12, 1050, 1500),
(2901, 'BG005', '2021-05-31', 42, 12, 1150, 1600),
(2902, 'BG017', '2021-05-31', 42, 12, 1150, 1600),
(2903, 'BG006', '2021-05-31', 42, 12, 1150, 1600),
(2904, 'BG018', '2021-05-31', 42, 12, 1150, 1600),
(2905, 'BG001', '2021-05-31', 46, 14, 1350, 2000),
(2906, 'BG009', '2021-05-31', 46, 14, 1350, 2000),
(2907, 'BG013', '2021-05-31', 46, 14, 1350, 2000),
(2908, 'BG021', '2021-05-31', 46, 14, 1350, 2000),
(2909, 'BG002', '2021-05-31', 46, 14, 1350, 2000),
(2910, 'BG010', '2021-05-31', 46, 14, 1350, 2000),
(2911, 'BG014', '2021-05-31', 46, 14, 1350, 2000),
(2912, 'BG022', '2021-05-31', 46, 14, 1350, 2000),
(2913, 'BG007', '2021-05-31', 46, 14, 1350, 2000),
(2914, 'BG011', '2021-05-31', 46, 14, 1350, 2000),
(2915, 'BG019', '2021-05-31', 46, 14, 1350, 2000),
(2916, 'BG023', '2021-05-31', 46, 14, 1350, 2000),
(2917, 'BG008', '2021-05-31', 46, 14, 1350, 2000),
(2918, 'BG012', '2021-05-31', 46, 14, 1350, 2000),
(2919, 'BG020', '2021-05-31', 46, 14, 1350, 2000),
(2920, 'BG024', '2021-05-31', 46, 14, 1350, 2000),
(2921, 'AB025', '2021-05-31', 42, 12, 1300, 1800),
(2922, 'AB031', '2021-05-31', 42, 12, 1300, 1800),
(2923, 'AB026', '2021-05-31', 42, 12, 1300, 1800),
(2924, 'AB032', '2021-05-31', 42, 12, 1300, 1800),
(2925, 'AB027', '2021-05-31', 42, 12, 1500, 2000),
(2926, 'AB033', '2021-05-31', 42, 12, 1500, 2000),
(2927, 'AB028', '2021-05-31', 42, 12, 1500, 2000),
(2928, 'AB034', '2021-05-31', 42, 12, 1500, 2000),
(2929, 'AB029', '2021-05-31', 42, 12, 1000, 1400),
(2930, 'AB035', '2021-05-31', 42, 12, 1000, 1400),
(2931, 'AB030', '2021-05-31', 42, 12, 1000, 1400),
(2932, 'AB036', '2021-05-31', 42, 12, 1000, 1400),
(2933, 'AP037', '2021-05-31', 42, 12, 1450, 1850),
(2934, 'AP043', '2021-05-31', 42, 12, 1450, 1850),
(2935, 'AP038', '2021-05-31', 42, 12, 1450, 1850),
(2936, 'AP044', '2021-05-31', 42, 12, 1450, 1850),
(2937, 'AP039', '2021-05-31', 42, 12, 1500, 1900),
(2938, 'AP045', '2021-05-31', 42, 12, 1500, 1900),
(2939, 'AP040', '2021-05-31', 42, 12, 1500, 1900),
(2940, 'AP046', '2021-05-31', 42, 12, 1500, 1900),
(2941, 'AP041', '2021-05-31', 42, 12, 1350, 1750),
(2942, 'AP047', '2021-05-31', 42, 12, 1350, 1750),
(2943, 'AP042', '2021-05-31', 42, 12, 1350, 1750),
(2944, 'AP048', '2021-05-31', 42, 12, 1350, 1750),
(2945, 'BG001', '2021-06-07', 46, 14, 1350, 2000),
(2946, 'BG009', '2021-06-07', 46, 14, 1350, 2000),
(2947, 'BG013', '2021-06-07', 46, 14, 1350, 2000),
(2948, 'BG021', '2021-06-07', 46, 14, 1350, 2000),
(2949, 'BG002', '2021-06-07', 46, 14, 1350, 2000),
(2950, 'BG010', '2021-06-07', 46, 14, 1350, 2000),
(2951, 'BG014', '2021-06-07', 46, 14, 1350, 2000),
(2952, 'BG022', '2021-06-07', 46, 14, 1350, 2000),
(2953, 'BG003', '2021-06-07', 42, 12, 1050, 1500),
(2954, 'BG015', '2021-06-07', 42, 12, 1050, 1500),
(2955, 'BG004', '2021-06-07', 40, 12, 1050, 1500),
(2956, 'BG016', '2021-06-07', 42, 12, 1050, 1500),
(2957, 'BG005', '2021-06-07', 42, 12, 1150, 1600),
(2958, 'BG017', '2021-06-07', 42, 12, 1150, 1600),
(2959, 'BG006', '2021-06-07', 42, 12, 1150, 1600),
(2960, 'BG018', '2021-06-07', 42, 12, 1150, 1600),
(2961, 'BG007', '2021-06-07', 46, 14, 1350, 2000),
(2962, 'BG011', '2021-06-07', 46, 14, 1350, 2000),
(2963, 'BG019', '2021-06-07', 46, 14, 1350, 2000),
(2964, 'BG023', '2021-06-07', 46, 14, 1350, 2000),
(2965, 'BG008', '2021-06-07', 46, 14, 1350, 2000),
(2966, 'BG012', '2021-06-07', 46, 14, 1350, 2000),
(2967, 'BG020', '2021-06-07', 46, 14, 1350, 2000),
(2968, 'BG024', '2021-06-07', 46, 14, 1350, 2000),
(2969, 'AB025', '2021-06-07', 42, 12, 1300, 1800),
(2970, 'AB031', '2021-06-07', 42, 12, 1300, 1800),
(2971, 'AB026', '2021-06-07', 42, 12, 1300, 1800),
(2972, 'AB032', '2021-06-07', 42, 12, 1300, 1800),
(2973, 'AB027', '2021-06-07', 42, 12, 1500, 2000),
(2974, 'AB033', '2021-06-07', 42, 12, 1500, 2000),
(2975, 'AB028', '2021-06-07', 42, 12, 1500, 2000),
(2976, 'AB034', '2021-06-07', 42, 12, 1500, 2000),
(2977, 'AB029', '2021-06-07', 42, 12, 1000, 1400),
(2978, 'AB035', '2021-06-07', 42, 12, 1000, 1400),
(2979, 'AB030', '2021-06-07', 42, 12, 1000, 1400),
(2980, 'AB036', '2021-06-07', 42, 12, 1000, 1400),
(2981, 'AP037', '2021-06-07', 42, 12, 1450, 1850),
(2982, 'AP043', '2021-06-07', 42, 12, 1450, 1850),
(2983, 'AP038', '2021-06-07', 42, 12, 1450, 1850),
(2984, 'AP044', '2021-06-07', 42, 12, 1450, 1850),
(2985, 'AP039', '2021-06-07', 42, 12, 1500, 1900),
(2986, 'AP045', '2021-06-07', 42, 12, 1500, 1900),
(2987, 'AP040', '2021-06-07', 42, 12, 1500, 1900),
(2988, 'AP046', '2021-06-07', 42, 12, 1500, 1900),
(2989, 'AP041', '2021-06-07', 42, 12, 1350, 1750),
(2990, 'AP047', '2021-06-07', 42, 12, 1350, 1750),
(2991, 'AP042', '2021-06-07', 42, 12, 1350, 1750),
(2992, 'AP048', '2021-06-07', 42, 12, 1350, 1750),
(3008, 'BG003', '2021-06-08', 42, 12, 1050, 1500),
(3009, 'BG015', '2021-06-08', 42, 12, 1050, 1500),
(3010, 'BG004', '2021-06-08', 42, 12, 1050, 1500),
(3011, 'BG016', '2021-06-08', 42, 12, 1050, 1500),
(3012, 'BG005', '2021-06-08', 42, 12, 1150, 1600),
(3013, 'BG017', '2021-06-08', 42, 12, 1150, 1600),
(3014, 'BG006', '2021-06-08', 42, 12, 1150, 1600),
(3015, 'BG018', '2021-06-08', 42, 12, 1150, 1600),
(3016, 'BG001', '2021-06-08', 46, 14, 1350, 2000),
(3017, 'BG009', '2021-06-08', 46, 14, 1350, 2000),
(3018, 'BG013', '2021-06-08', 46, 14, 1350, 2000),
(3019, 'BG021', '2021-06-08', 46, 14, 1350, 2000),
(3020, 'BG002', '2021-06-08', 46, 14, 1350, 2000),
(3021, 'BG010', '2021-06-08', 46, 14, 1350, 2000),
(3022, 'BG014', '2021-06-08', 46, 14, 1350, 2000),
(3023, 'BG022', '2021-06-08', 46, 14, 1350, 2000),
(3024, 'BG007', '2021-06-08', 46, 14, 1350, 2000),
(3025, 'BG011', '2021-06-08', 46, 14, 1350, 2000),
(3026, 'BG019', '2021-06-08', 46, 14, 1350, 2000),
(3027, 'BG023', '2021-06-08', 46, 14, 1350, 2000),
(3028, 'BG008', '2021-06-08', 46, 14, 1350, 2000),
(3029, 'BG012', '2021-06-08', 46, 14, 1350, 2000),
(3030, 'BG020', '2021-06-08', 46, 14, 1350, 2000),
(3031, 'BG024', '2021-06-08', 46, 14, 1350, 2000),
(3032, 'AB025', '2021-06-08', 42, 12, 1300, 1800),
(3033, 'AB031', '2021-06-08', 42, 12, 1300, 1800),
(3034, 'AB026', '2021-06-08', 42, 12, 1300, 1800),
(3035, 'AB032', '2021-06-08', 42, 12, 1300, 1800),
(3036, 'AB027', '2021-06-08', 42, 12, 1500, 2000),
(3037, 'AB033', '2021-06-08', 42, 12, 1500, 2000),
(3038, 'AB028', '2021-06-08', 42, 12, 1500, 2000),
(3039, 'AB034', '2021-06-08', 42, 12, 1500, 2000),
(3040, 'AB029', '2021-06-08', 42, 12, 1000, 1400),
(3041, 'AB035', '2021-06-08', 42, 12, 1000, 1400),
(3042, 'AB030', '2021-06-08', 42, 12, 1000, 1400),
(3043, 'AB036', '2021-06-08', 42, 12, 1000, 1400),
(3044, 'AP037', '2021-06-08', 42, 12, 1450, 1850),
(3045, 'AP043', '2021-06-08', 42, 12, 1450, 1850),
(3046, 'AP038', '2021-06-08', 42, 12, 1450, 1850),
(3047, 'AP044', '2021-06-08', 42, 12, 1450, 1850),
(3048, 'AP039', '2021-06-08', 42, 12, 1500, 1900),
(3049, 'AP045', '2021-06-08', 42, 12, 1500, 1900),
(3050, 'AP040', '2021-06-08', 42, 12, 1500, 1900),
(3051, 'AP046', '2021-06-08', 42, 12, 1500, 1900),
(3052, 'AP041', '2021-06-08', 42, 12, 1350, 1750),
(3053, 'AP047', '2021-06-08', 42, 12, 1350, 1750),
(3054, 'AP042', '2021-06-08', 42, 12, 1350, 1750),
(3055, 'AP048', '2021-06-08', 42, 12, 1350, 1750),
(3071, 'BG003', '2021-06-09', 42, 12, 1050, 1500),
(3072, 'BG015', '2021-06-09', 42, 12, 1050, 1500),
(3073, 'BG004', '2021-06-09', 42, 12, 1050, 1500),
(3074, 'BG016', '2021-06-09', 42, 12, 1050, 1500),
(3075, 'BG005', '2021-06-09', 42, 12, 1150, 1600),
(3076, 'BG017', '2021-06-09', 42, 12, 1150, 1600),
(3077, 'BG006', '2021-06-09', 42, 12, 1150, 1600),
(3078, 'BG018', '2021-06-09', 42, 12, 1150, 1600),
(3079, 'BG001', '2021-06-09', 46, 14, 1350, 2000),
(3080, 'BG009', '2021-06-09', 46, 14, 1350, 2000),
(3081, 'BG013', '2021-06-09', 46, 14, 1350, 2000),
(3082, 'BG021', '2021-06-09', 46, 14, 1350, 2000),
(3083, 'BG002', '2021-06-09', 46, 14, 1350, 2000),
(3084, 'BG010', '2021-06-09', 46, 14, 1350, 2000),
(3085, 'BG014', '2021-06-09', 46, 14, 1350, 2000),
(3086, 'BG022', '2021-06-09', 46, 14, 1350, 2000),
(3087, 'BG007', '2021-06-09', 46, 14, 1350, 2000),
(3088, 'BG011', '2021-06-09', 46, 14, 1350, 2000),
(3089, 'BG019', '2021-06-09', 46, 14, 1350, 2000),
(3090, 'BG023', '2021-06-09', 46, 14, 1350, 2000),
(3091, 'BG008', '2021-06-09', 46, 14, 1350, 2000),
(3092, 'BG012', '2021-06-09', 46, 14, 1350, 2000),
(3093, 'BG020', '2021-06-09', 46, 14, 1350, 2000),
(3094, 'BG024', '2021-06-09', 46, 14, 1350, 2000),
(3095, 'AB025', '2021-06-09', 42, 12, 1300, 1800),
(3096, 'AB031', '2021-06-09', 42, 12, 1300, 1800),
(3097, 'AB026', '2021-06-09', 42, 12, 1300, 1800),
(3098, 'AB032', '2021-06-09', 42, 12, 1300, 1800),
(3099, 'AB027', '2021-06-09', 42, 12, 1500, 2000),
(3100, 'AB033', '2021-06-09', 42, 12, 1500, 2000),
(3101, 'AB028', '2021-06-09', 42, 12, 1500, 2000),
(3102, 'AB034', '2021-06-09', 42, 12, 1500, 2000),
(3103, 'AB029', '2021-06-09', 42, 12, 1000, 1400),
(3104, 'AB035', '2021-06-09', 42, 12, 1000, 1400),
(3105, 'AB030', '2021-06-09', 42, 12, 1000, 1400),
(3106, 'AB036', '2021-06-09', 42, 12, 1000, 1400),
(3107, 'AP037', '2021-06-09', 42, 12, 1450, 1850),
(3108, 'AP043', '2021-06-09', 42, 12, 1450, 1850),
(3109, 'AP038', '2021-06-09', 42, 12, 1450, 1850),
(3110, 'AP044', '2021-06-09', 42, 12, 1450, 1850),
(3111, 'AP039', '2021-06-09', 42, 12, 1500, 1900),
(3112, 'AP045', '2021-06-09', 42, 12, 1500, 1900),
(3113, 'AP040', '2021-06-09', 42, 12, 1500, 1900),
(3114, 'AP046', '2021-06-09', 42, 12, 1500, 1900),
(3115, 'AP041', '2021-06-09', 42, 12, 1350, 1750),
(3116, 'AP047', '2021-06-09', 42, 12, 1350, 1750),
(3117, 'AP042', '2021-06-09', 42, 12, 1350, 1750),
(3118, 'AP048', '2021-06-09', 42, 12, 1350, 1750),
(3134, 'BG003', '2021-06-10', 40, 12, 1050, 1500),
(3135, 'BG015', '2021-06-10', 42, 12, 1050, 1500),
(3136, 'BG004', '2021-06-10', 42, 12, 1050, 1500),
(3137, 'BG016', '2021-06-10', 42, 12, 1050, 1500),
(3138, 'BG005', '2021-06-10', 42, 12, 1150, 1600),
(3139, 'BG017', '2021-06-10', 42, 12, 1150, 1600),
(3140, 'BG006', '2021-06-10', 42, 12, 1150, 1600),
(3141, 'BG018', '2021-06-10', 42, 12, 1150, 1600),
(3142, 'BG001', '2021-06-10', 46, 14, 1350, 2000),
(3143, 'BG009', '2021-06-10', 46, 14, 1350, 2000),
(3144, 'BG013', '2021-06-10', 46, 14, 1350, 2000),
(3145, 'BG021', '2021-06-10', 46, 14, 1350, 2000),
(3146, 'BG002', '2021-06-10', 46, 14, 1350, 2000),
(3147, 'BG010', '2021-06-10', 46, 14, 1350, 2000),
(3148, 'BG014', '2021-06-10', 46, 14, 1350, 2000),
(3149, 'BG022', '2021-06-10', 46, 14, 1350, 2000),
(3150, 'BG007', '2021-06-10', 46, 14, 1350, 2000),
(3151, 'BG011', '2021-06-10', 46, 14, 1350, 2000),
(3152, 'BG019', '2021-06-10', 46, 14, 1350, 2000),
(3153, 'BG023', '2021-06-10', 46, 14, 1350, 2000),
(3154, 'BG008', '2021-06-10', 46, 14, 1350, 2000),
(3155, 'BG012', '2021-06-10', 46, 14, 1350, 2000),
(3156, 'BG020', '2021-06-10', 46, 14, 1350, 2000),
(3157, 'BG024', '2021-06-10', 46, 14, 1350, 2000),
(3158, 'AB025', '2021-06-10', 40, 12, 1300, 1800),
(3159, 'AB031', '2021-06-10', 42, 12, 1300, 1800),
(3160, 'AB026', '2021-06-10', 42, 12, 1300, 1800),
(3161, 'AB032', '2021-06-10', 42, 12, 1300, 1800),
(3162, 'AB027', '2021-06-10', 42, 12, 1500, 2000),
(3163, 'AB033', '2021-06-10', 42, 12, 1500, 2000),
(3164, 'AB028', '2021-06-10', 42, 12, 1500, 2000),
(3165, 'AB034', '2021-06-10', 42, 12, 1500, 2000),
(3166, 'AB029', '2021-06-10', 42, 12, 1000, 1400),
(3167, 'AB035', '2021-06-10', 42, 12, 1000, 1400),
(3168, 'AB030', '2021-06-10', 42, 12, 1000, 1400),
(3169, 'AB036', '2021-06-10', 42, 12, 1000, 1400),
(3170, 'AP037', '2021-06-10', 42, 12, 1450, 1850),
(3171, 'AP043', '2021-06-10', 42, 12, 1450, 1850),
(3172, 'AP038', '2021-06-10', 42, 12, 1450, 1850),
(3173, 'AP044', '2021-06-10', 42, 12, 1450, 1850),
(3174, 'AP039', '2021-06-10', 42, 12, 1500, 1900),
(3175, 'AP045', '2021-06-10', 42, 12, 1500, 1900),
(3176, 'AP040', '2021-06-10', 42, 12, 1500, 1900),
(3177, 'AP046', '2021-06-10', 42, 12, 1500, 1900),
(3178, 'AP041', '2021-06-10', 42, 12, 1350, 1750),
(3179, 'AP047', '2021-06-10', 42, 12, 1350, 1750),
(3180, 'AP042', '2021-06-10', 42, 12, 1350, 1750),
(3181, 'AP048', '2021-06-10', 42, 12, 1350, 1750),
(3197, 'BG003', '2021-06-11', 42, 12, 1050, 1500),
(3198, 'BG015', '2021-06-11', 42, 12, 1050, 1500),
(3199, 'BG004', '2021-06-11', 42, 12, 1050, 1500),
(3200, 'BG016', '2021-06-11', 42, 12, 1050, 1500),
(3201, 'BG005', '2021-06-11', 42, 12, 1150, 1600),
(3202, 'BG017', '2021-06-11', 42, 12, 1150, 1600),
(3203, 'BG006', '2021-06-11', 42, 12, 1150, 1600),
(3204, 'BG018', '2021-06-11', 42, 12, 1150, 1600),
(3205, 'BG001', '2021-06-11', 46, 14, 1350, 2000),
(3206, 'BG009', '2021-06-11', 46, 14, 1350, 2000),
(3207, 'BG013', '2021-06-11', 46, 14, 1350, 2000),
(3208, 'BG021', '2021-06-11', 46, 14, 1350, 2000),
(3209, 'BG002', '2021-06-11', 46, 14, 1350, 2000),
(3210, 'BG010', '2021-06-11', 46, 14, 1350, 2000),
(3211, 'BG014', '2021-06-11', 46, 14, 1350, 2000),
(3212, 'BG022', '2021-06-11', 46, 14, 1350, 2000),
(3213, 'BG007', '2021-06-11', 46, 14, 1350, 2000),
(3214, 'BG011', '2021-06-11', 46, 14, 1350, 2000),
(3215, 'BG019', '2021-06-11', 46, 14, 1350, 2000),
(3216, 'BG023', '2021-06-11', 46, 14, 1350, 2000),
(3217, 'BG008', '2021-06-11', 46, 14, 1350, 2000),
(3218, 'BG012', '2021-06-11', 46, 14, 1350, 2000),
(3219, 'BG020', '2021-06-11', 46, 14, 1350, 2000),
(3220, 'BG024', '2021-06-11', 46, 14, 1350, 2000),
(3221, 'AB025', '2021-06-11', 40, 12, 1300, 1800),
(3222, 'AB031', '2021-06-11', 42, 12, 1300, 1800),
(3223, 'AB026', '2021-06-11', 42, 12, 1300, 1800),
(3224, 'AB032', '2021-06-11', 42, 12, 1300, 1800),
(3225, 'AB027', '2021-06-11', 42, 12, 1500, 2000),
(3226, 'AB033', '2021-06-11', 42, 12, 1500, 2000),
(3227, 'AB028', '2021-06-11', 42, 12, 1500, 2000),
(3228, 'AB034', '2021-06-11', 42, 12, 1500, 2000),
(3229, 'AB029', '2021-06-11', 42, 12, 1000, 1400),
(3230, 'AB035', '2021-06-11', 42, 12, 1000, 1400),
(3231, 'AB030', '2021-06-11', 42, 12, 1000, 1400),
(3232, 'AB036', '2021-06-11', 42, 12, 1000, 1400),
(3233, 'AP037', '2021-06-11', 42, 12, 1450, 1850),
(3234, 'AP043', '2021-06-11', 42, 12, 1450, 1850),
(3235, 'AP038', '2021-06-11', 42, 12, 1450, 1850),
(3236, 'AP044', '2021-06-11', 42, 12, 1450, 1850),
(3237, 'AP039', '2021-06-11', 42, 12, 1500, 1900),
(3238, 'AP045', '2021-06-11', 42, 12, 1500, 1900),
(3239, 'AP040', '2021-06-11', 42, 12, 1500, 1900),
(3240, 'AP046', '2021-06-11', 42, 12, 1500, 1900),
(3241, 'AP041', '2021-06-11', 42, 12, 1350, 1750),
(3242, 'AP047', '2021-06-11', 42, 12, 1350, 1750),
(3243, 'AP042', '2021-06-11', 42, 12, 1350, 1750),
(3244, 'AP048', '2021-06-11', 42, 12, 1350, 1750),
(3260, 'BG003', '2021-06-13', 42, 12, 1050, 1500),
(3261, 'BG015', '2021-06-13', 42, 12, 1050, 1500),
(3262, 'BG004', '2021-06-13', 42, 12, 1050, 1500),
(3263, 'BG016', '2021-06-13', 42, 12, 1050, 1500),
(3264, 'BG005', '2021-06-13', 42, 12, 1150, 1600),
(3265, 'BG017', '2021-06-13', 42, 12, 1150, 1600),
(3266, 'BG006', '2021-06-13', 42, 12, 1150, 1600),
(3267, 'BG018', '2021-06-13', 42, 12, 1150, 1600),
(3268, 'BG001', '2021-06-13', 46, 14, 1350, 2000),
(3269, 'BG009', '2021-06-13', 46, 14, 1350, 2000),
(3270, 'BG013', '2021-06-13', 46, 14, 1350, 2000),
(3271, 'BG021', '2021-06-13', 46, 14, 1350, 2000),
(3272, 'BG002', '2021-06-13', 46, 14, 1350, 2000),
(3273, 'BG010', '2021-06-13', 46, 14, 1350, 2000),
(3274, 'BG014', '2021-06-13', 46, 14, 1350, 2000),
(3275, 'BG022', '2021-06-13', 46, 14, 1350, 2000),
(3276, 'BG007', '2021-06-13', 46, 14, 1350, 2000),
(3277, 'BG011', '2021-06-13', 46, 14, 1350, 2000),
(3278, 'BG019', '2021-06-13', 46, 14, 1350, 2000),
(3279, 'BG023', '2021-06-13', 46, 14, 1350, 2000),
(3280, 'BG008', '2021-06-13', 46, 14, 1350, 2000),
(3281, 'BG012', '2021-06-13', 46, 14, 1350, 2000),
(3282, 'BG020', '2021-06-13', 46, 14, 1350, 2000),
(3283, 'BG024', '2021-06-13', 46, 14, 1350, 2000),
(3284, 'AB025', '2021-06-13', 42, 12, 1300, 1800),
(3285, 'AB031', '2021-06-13', 42, 12, 1300, 1800),
(3286, 'AB026', '2021-06-13', 40, 12, 1300, 1800),
(3287, 'AB032', '2021-06-13', 42, 12, 1300, 1800),
(3288, 'AB027', '2021-06-13', 42, 12, 1500, 2000),
(3289, 'AB033', '2021-06-13', 42, 12, 1500, 2000),
(3290, 'AB028', '2021-06-13', 42, 12, 1500, 2000),
(3291, 'AB034', '2021-06-13', 42, 12, 1500, 2000),
(3292, 'AB029', '2021-06-13', 42, 12, 1000, 1400),
(3293, 'AB035', '2021-06-13', 42, 12, 1000, 1400),
(3294, 'AB030', '2021-06-13', 42, 12, 1000, 1400),
(3295, 'AB036', '2021-06-13', 42, 12, 1000, 1400),
(3296, 'AP037', '2021-06-13', 42, 12, 1450, 1850),
(3297, 'AP043', '2021-06-13', 42, 12, 1450, 1850),
(3298, 'AP038', '2021-06-13', 42, 12, 1450, 1850),
(3299, 'AP044', '2021-06-13', 42, 12, 1450, 1850),
(3300, 'AP039', '2021-06-13', 42, 12, 1500, 1900),
(3301, 'AP045', '2021-06-13', 42, 12, 1500, 1900),
(3302, 'AP040', '2021-06-13', 42, 12, 1500, 1900),
(3303, 'AP046', '2021-06-13', 42, 12, 1500, 1900),
(3304, 'AP041', '2021-06-13', 42, 12, 1350, 1750),
(3305, 'AP047', '2021-06-13', 42, 12, 1350, 1750),
(3306, 'AP042', '2021-06-13', 42, 12, 1350, 1750),
(3307, 'AP048', '2021-06-13', 42, 12, 1350, 1750),
(3323, 'BG003', '2021-06-14', 42, 12, 1050, 1500),
(3324, 'BG015', '2021-06-14', 42, 12, 1050, 1500),
(3325, 'BG004', '2021-06-14', 42, 12, 1050, 1500),
(3326, 'BG016', '2021-06-14', 42, 12, 1050, 1500),
(3327, 'BG005', '2021-06-14', 42, 12, 1150, 1600),
(3328, 'BG017', '2021-06-14', 42, 12, 1150, 1600),
(3329, 'BG006', '2021-06-14', 42, 12, 1150, 1600),
(3330, 'BG018', '2021-06-14', 42, 12, 1150, 1600),
(3331, 'BG001', '2021-06-14', 46, 14, 1350, 2000),
(3332, 'BG009', '2021-06-14', 46, 14, 1350, 2000),
(3333, 'BG013', '2021-06-14', 46, 14, 1350, 2000),
(3334, 'BG021', '2021-06-14', 46, 14, 1350, 2000),
(3335, 'BG002', '2021-06-14', 46, 14, 1350, 2000),
(3336, 'BG010', '2021-06-14', 46, 14, 1350, 2000),
(3337, 'BG014', '2021-06-14', 46, 14, 1350, 2000),
(3338, 'BG022', '2021-06-14', 46, 14, 1350, 2000),
(3339, 'BG007', '2021-06-14', 46, 14, 1350, 2000),
(3340, 'BG011', '2021-06-14', 46, 14, 1350, 2000),
(3341, 'BG019', '2021-06-14', 46, 14, 1350, 2000),
(3342, 'BG023', '2021-06-14', 46, 14, 1350, 2000),
(3343, 'BG008', '2021-06-14', 46, 14, 1350, 2000),
(3344, 'BG012', '2021-06-14', 46, 14, 1350, 2000),
(3345, 'BG020', '2021-06-14', 46, 14, 1350, 2000),
(3346, 'BG024', '2021-06-14', 46, 14, 1350, 2000),
(3347, 'AB025', '2021-06-14', 42, 12, 1300, 1800),
(3348, 'AB031', '2021-06-14', 42, 12, 1300, 1800),
(3349, 'AB026', '2021-06-14', 42, 12, 1300, 1800),
(3350, 'AB032', '2021-06-14', 42, 12, 1300, 1800),
(3351, 'AB027', '2021-06-14', 42, 12, 1500, 2000),
(3352, 'AB033', '2021-06-14', 42, 12, 1500, 2000),
(3353, 'AB028', '2021-06-14', 42, 12, 1500, 2000),
(3354, 'AB034', '2021-06-14', 42, 12, 1500, 2000),
(3355, 'AB029', '2021-06-14', 42, 12, 1000, 1400),
(3356, 'AB035', '2021-06-14', 42, 12, 1000, 1400),
(3357, 'AB030', '2021-06-14', 42, 12, 1000, 1400),
(3358, 'AB036', '2021-06-14', 42, 12, 1000, 1400),
(3359, 'AP037', '2021-06-14', 42, 12, 1450, 1850),
(3360, 'AP043', '2021-06-14', 42, 12, 1450, 1850),
(3361, 'AP038', '2021-06-14', 42, 12, 1450, 1850),
(3362, 'AP044', '2021-06-14', 42, 12, 1450, 1850),
(3363, 'AP039', '2021-06-14', 42, 12, 1500, 1900),
(3364, 'AP045', '2021-06-14', 42, 12, 1500, 1900),
(3365, 'AP040', '2021-06-14', 42, 12, 1500, 1900),
(3366, 'AP046', '2021-06-14', 42, 12, 1500, 1900),
(3367, 'AP041', '2021-06-14', 42, 12, 1350, 1750),
(3368, 'AP047', '2021-06-14', 42, 12, 1350, 1750),
(3369, 'AP042', '2021-06-14', 42, 12, 1350, 1750),
(3370, 'AP048', '2021-06-14', 42, 12, 1350, 1750),
(3386, 'BG003', '2021-06-12', 42, 12, 1050, 1500),
(3387, 'BG015', '2021-06-12', 42, 12, 1050, 1500),
(3388, 'BG004', '2021-06-12', 42, 12, 1050, 1500),
(3389, 'BG016', '2021-06-12', 42, 12, 1050, 1500),
(3390, 'BG005', '2021-06-12', 42, 12, 1150, 1600),
(3391, 'BG017', '2021-06-12', 42, 12, 1150, 1600),
(3392, 'BG006', '2021-06-12', 42, 12, 1150, 1600),
(3393, 'BG018', '2021-06-12', 42, 12, 1150, 1600),
(3394, 'BG001', '2021-06-12', 46, 14, 1350, 2000),
(3395, 'BG009', '2021-06-12', 46, 14, 1350, 2000),
(3396, 'BG013', '2021-06-12', 46, 14, 1350, 2000),
(3397, 'BG021', '2021-06-12', 46, 14, 1350, 2000),
(3398, 'BG002', '2021-06-12', 46, 14, 1350, 2000),
(3399, 'BG010', '2021-06-12', 46, 14, 1350, 2000),
(3400, 'BG014', '2021-06-12', 46, 14, 1350, 2000),
(3401, 'BG022', '2021-06-12', 46, 14, 1350, 2000),
(3402, 'BG007', '2021-06-12', 46, 14, 1350, 2000),
(3403, 'BG011', '2021-06-12', 46, 14, 1350, 2000),
(3404, 'BG019', '2021-06-12', 46, 14, 1350, 2000),
(3405, 'BG023', '2021-06-12', 46, 14, 1350, 2000),
(3406, 'BG008', '2021-06-12', 46, 14, 1350, 2000),
(3407, 'BG012', '2021-06-12', 46, 14, 1350, 2000),
(3408, 'BG020', '2021-06-12', 46, 14, 1350, 2000),
(3409, 'BG024', '2021-06-12', 46, 14, 1350, 2000),
(3410, 'AB025', '2021-06-12', 42, 12, 1300, 1800),
(3411, 'AB031', '2021-06-12', 42, 12, 1300, 1800),
(3412, 'AB026', '2021-06-12', 40, 12, 1300, 1800),
(3413, 'AB032', '2021-06-12', 42, 12, 1300, 1800),
(3414, 'AB027', '2021-06-12', 42, 12, 1500, 2000),
(3415, 'AB033', '2021-06-12', 42, 12, 1500, 2000),
(3416, 'AB028', '2021-06-12', 42, 12, 1500, 2000),
(3417, 'AB034', '2021-06-12', 42, 12, 1500, 2000),
(3418, 'AB029', '2021-06-12', 42, 12, 1000, 1400),
(3419, 'AB035', '2021-06-12', 42, 12, 1000, 1400),
(3420, 'AB030', '2021-06-12', 42, 12, 1000, 1400),
(3421, 'AB036', '2021-06-12', 42, 12, 1000, 1400),
(3422, 'AP037', '2021-06-12', 42, 12, 1450, 1850),
(3423, 'AP043', '2021-06-12', 42, 12, 1450, 1850),
(3424, 'AP038', '2021-06-12', 42, 12, 1450, 1850),
(3425, 'AP044', '2021-06-12', 42, 12, 1450, 1850),
(3426, 'AP039', '2021-06-12', 42, 12, 1500, 1900),
(3427, 'AP045', '2021-06-12', 42, 12, 1500, 1900),
(3428, 'AP040', '2021-06-12', 42, 12, 1500, 1900),
(3429, 'AP046', '2021-06-12', 42, 12, 1500, 1900),
(3430, 'AP041', '2021-06-12', 42, 12, 1350, 1750),
(3431, 'AP047', '2021-06-12', 42, 12, 1350, 1750),
(3432, 'AP042', '2021-06-12', 42, 12, 1350, 1750),
(3433, 'AP048', '2021-06-12', 42, 12, 1350, 1750);

-- --------------------------------------------------------

--
-- Table structure for table `flightplan`
--

CREATE TABLE `flightplan` (
  `id` varchar(5) NOT NULL,
  `Routeprice_Id` int NOT NULL,
  `DepartureTime` time NOT NULL,
  `ArrivalTime` time NOT NULL
) ENGINE=InnoDB DEFAULT CHARSET=utf8;

--
-- Dumping data for table `flightplan`
--

INSERT INTO `flightplan` (`id`, `Routeprice_Id`, `DepartureTime`, `ArrivalTime`) VALUES
('AB025', 9, '07:00:00', '09:15:00'),
('AB026', 10, '10:45:00', '12:00:00'),
('AB027', 11, '11:30:00', '13:00:00'),
('AB028', 12, '13:30:00', '15:00:00'),
('AB029', 13, '15:30:00', '16:30:00'),
('AB030', 14, '17:00:00', '18:00:00'),
('AB031', 9, '16:00:00', '17:15:00'),
('AB032', 10, '17:45:00', '19:00:00'),
('AB033', 11, '19:30:00', '21:00:00'),
('AB034', 12, '21:30:00', '23:00:00'),
('AB035', 13, '20:00:00', '21:00:00'),
('AB036', 14, '21:30:00', '22:30:00'),
('AP037', 15, '07:00:00', '08:15:00'),
('AP038', 16, '11:15:00', '12:30:00'),
('AP039', 17, '13:00:00', '14:30:00'),
('AP040', 18, '15:00:00', '16:30:00'),
('AP041', 19, '08:45:00', '09:30:00'),
('AP042', 20, '10:00:00', '10:45:00'),
('AP043', 15, '17:00:00', '18:15:00'),
('AP044', 16, '21:15:00', '22:30:00'),
('AP045', 17, '18:00:00', '19:30:00'),
('AP046', 18, '20:00:00', '21:30:00'),
('AP047', 19, '18:45:00', '19:30:00'),
('AP048', 20, '20:00:00', '20:45:00'),
('BG001', 1, '08:00:00', '09:00:00'),
('BG002', 2, '09:30:00', '10:30:00'),
('BG003', 3, '08:30:00', '09:30:00'),
('BG004', 4, '10:00:00', '11:00:00'),
('BG005', 5, '09:00:00', '10:05:00'),
('BG006', 6, '10:35:00', '11:40:00'),
('BG007', 7, '09:30:00', '10:30:00'),
('BG008', 8, '12:00:00', '13:00:00'),
('BG009', 1, '13:30:00', '14:30:00'),
('BG010', 2, '15:00:00', '16:00:00'),
('BG011', 7, '14:00:00', '15:00:00'),
('BG012', 8, '15:30:00', '16:30:00'),
('BG013', 1, '16:00:00', '17:00:00'),
('BG014', 2, '17:30:00', '18:30:00'),
('BG015', 3, '16:30:00', '17:30:00'),
('BG016', 4, '18:00:00', '19:00:00'),
('BG017', 5, '17:00:00', '17:05:00'),
('BG018', 6, '17:35:00', '18:40:00'),
('BG019', 7, '17:30:00', '18:30:00'),
('BG020', 8, '19:00:00', '20:00:00'),
('BG021', 1, '19:30:00', '20:30:00'),
('BG022', 2, '21:00:00', '22:00:00'),
('BG023', 7, '20:30:00', '21:30:00'),
('BG024', 8, '22:00:00', '23:00:00');

-- --------------------------------------------------------

--
-- Table structure for table `flightroutes`
--

CREATE TABLE `flightroutes` (
  `id` int NOT NULL,
  `DepartureAirport_Id` varchar(3) NOT NULL,
  `ArrivalAirport_Id` varchar(3) NOT NULL,
  `Distance` int NOT NULL
) ENGINE=InnoDB DEFAULT CHARSET=utf8;

--
-- Dumping data for table `flightroutes`
--

INSERT INTO `flightroutes` (`id`, `DepartureAirport_Id`, `ArrivalAirport_Id`, `Distance`) VALUES
(21, 'DAC', 'CHG', 244),
(22, 'CHG', 'DAC', 244),
(23, 'DAC', 'BRS', 237),
(24, 'BRS', 'DAC', 237),
(25, 'DAC', 'RJS', 247),
(26, 'RJS', 'DAC', 247),
(27, 'DAC', 'SLT', 240),
(28, 'SLT', 'DAC', 240),
(29, 'CHG', 'SLT', 377),
(30, 'SLT', 'CHG', 377),
(31, 'CHG', 'RJS', 491),
(32, 'RJS', 'CHG', 491),
(33, 'CHG', 'BRS', 239),
(34, 'BRS', 'CHG', 239),
(35, 'SLT', 'BRS', 410),
(36, 'BRS', 'SLT', 410),
(37, 'SLT', 'RJS', 456),
(38, 'RJS', 'SLT', 456),
(39, 'BRS', 'RJS', 338),
(40, 'RJS', 'BRS', 338);

-- --------------------------------------------------------

--
-- Stand-in structure for view `insert_fp`
-- (See below for the actual view)
--
CREATE TABLE `insert_fp` (
`ArrivalTime` time
,`BusinessClassPrice` float
,`BusinessClassSeat` int
,`DepartureTime` time
,`EconomyClassPrice` float
,`EconomyClassSeat` int
,`id` varchar(5)
);

-- --------------------------------------------------------

--
-- Table structure for table `monitor_sell`
--

CREATE TABLE `monitor_sell` (
  `id` int NOT NULL,
  `TotalSell` int NOT NULL,
  `updateDt` date NOT NULL
) ENGINE=InnoDB DEFAULT CHARSET=utf8;

--
-- Dumping data for table `monitor_sell`
--

INSERT INTO `monitor_sell` (`id`, `TotalSell`, `updateDt`) VALUES
(1, 6300, '2021-03-10'),
(2, 35000, '2021-03-11'),
(3, 39200, '2021-03-13'),
(4, 39200, '2021-03-14'),
(5, 39200, '2021-03-15'),
(6, 39200, '2021-03-18'),
(7, 39200, '2021-03-19'),
(8, 39200, '2021-03-25'),
(9, 39200, '2021-04-03'),
(10, 39200, '2021-04-05'),
(11, 39200, '2021-04-11'),
(12, 39200, '2021-04-12'),
(13, 39200, '2021-04-14'),
(14, 39200, '2021-04-16'),
(15, 39200, '2021-04-17'),
(16, 39200, '2021-04-18'),
(17, 39200, '2021-04-20'),
(18, 39200, '2021-04-21'),
(19, 39200, '2021-04-23'),
(20, 39200, '2021-04-24');

--
-- Triggers `monitor_sell`
--
DELIMITER $$
CREATE TRIGGER `insert_into_flight` AFTER INSERT ON `monitor_sell` FOR EACH ROW BEGIN
insert into flight( planID, Date, EconomyClassSeat, BusinessClassSeat, EconomyClassPrice, BusinessClassPrice)
SELECT v.id,
       (m.updateDt + INTERVAL 8 DAY),
       v.EconomyClassSeat,
       v.BusinessClassSeat,
       v.EconomyClassPrice,
       v.BusinessClassPrice

FROM insert_fp v
JOIN monitor_sell m where m.updateDt =NEW.updateDt;
END
$$
DELIMITER ;

-- --------------------------------------------------------

--
-- Table structure for table `passengerbooking`
--

CREATE TABLE `passengerbooking` (
  `id` int NOT NULL,
  `BookingID` varchar(6) NOT NULL,
  `passengerName` varchar(45) NOT NULL
) ENGINE=InnoDB DEFAULT CHARSET=utf8;

--
-- Dumping data for table `passengerbooking`
--

INSERT INTO `passengerbooking` (`id`, `BookingID`, `passengerName`) VALUES
(65, 'QDGVO', 'Omar'),
(66, 'QDGVO', 'Sharif'),
(67, 'C0QC7', 'Kasem'),
(68, 'C0QC7', 'Abul'),
(69, 'Z0TR5', 'wer'),
(70, 'Z0TR5', 'werrr'),
(71, 'TTAPE', 'rwtwt'),
(72, 'TTAPE', 'wdgg'),
(73, 'GR69J', '11111111'),
(74, 'GR69J', '22222222'),
(75, 'GR69J', '33333333'),
(76, 'IQTL9', 'Omar'),
(77, 'IQTL9', 'Sharif'),
(78, 'R3UOK', 'Ripa'),
(79, 'R3UOK', 'Audry'),
(80, 'DP21M', 'aaaa'),
(81, 'DP21M', 'bbbb'),
(82, '020KH', 'Omar'),
(83, '020KH', 'Sharif');

-- --------------------------------------------------------

--
-- Table structure for table `routeprice`
--

CREATE TABLE `routeprice` (
  `id` int NOT NULL,
  `Aircrafts_Id` int NOT NULL,
  `FlightRoute_Id` int NOT NULL,
  `EconomyClassPrice` float NOT NULL,
  `BusinessClassPrice` float NOT NULL
) ENGINE=InnoDB DEFAULT CHARSET=utf8;

--
-- Dumping data for table `routeprice`
--

INSERT INTO `routeprice` (`id`, `Aircrafts_Id`, `FlightRoute_Id`, `EconomyClassPrice`, `BusinessClassPrice`) VALUES
(1, 2, 21, 1350, 2000),
(2, 2, 22, 1350, 2000),
(3, 1, 23, 1050, 1500),
(4, 1, 24, 1050, 1500),
(5, 1, 25, 1150, 1600),
(6, 1, 26, 1150, 1600),
(7, 2, 27, 1350, 2000),
(8, 2, 28, 1350, 2000),
(9, 3, 29, 1300, 1800),
(10, 3, 30, 1300, 1800),
(11, 3, 31, 1500, 2000),
(12, 3, 32, 1500, 2000),
(13, 3, 33, 1000, 1400),
(14, 3, 34, 1000, 1400),
(15, 4, 35, 1450, 1850),
(16, 4, 36, 1450, 1850),
(17, 4, 37, 1500, 1900),
(18, 4, 38, 1500, 1900),
(19, 4, 39, 1350, 1750),
(20, 4, 40, 1350, 1750);

-- --------------------------------------------------------

--
-- Table structure for table `ticket`
--

CREATE TABLE `ticket` (
  `id` varchar(6) NOT NULL,
  `FlightId` int NOT NULL,
  `PassBookId` int NOT NULL,
  `TotalPrice` float DEFAULT NULL,
  `Class` tinyint NOT NULL
) ENGINE=InnoDB DEFAULT CHARSET=utf8;

--
-- Dumping data for table `ticket`
--

INSERT INTO `ticket` (`id`, `FlightId`, `PassBookId`, `TotalPrice`, `Class`) VALUES
('002902', 2531, 73, 1350, 0),
('008063', 2531, 75, 1350, 0),
('023984', 3158, 79, 1300, 0),
('037552', 3286, 80, 1300, 0),
('041469', 3134, 82, 1050, 0),
('054873', 2563, 76, 1350, 0),
('069041', 2543, 71, 1300, 0),
('075453', 2671, 69, 1300, 0),
('078043', 2657, 65, 1350, 0),
('094476', 3221, 80, 1300, 0),
('097756', 2527, 66, 1350, 0),
('166245', 2671, 71, 1300, 0),
('188508', 2691, 77, 1350, 0),
('251109', 3286, 81, 1300, 0),
('253776', 2671, 70, 1300, 0),
('266380', 2543, 72, 1300, 0),
('321812', 2955, 83, 1050, 0),
('354616', 2543, 68, 1300, 0),
('380942', 3412, 79, 1300, 0),
('429020', 2671, 68, 1300, 0),
('460170', 2653, 74, 1350, 0),
('469978', 2691, 76, 1350, 0),
('475624', 2657, 66, 1350, 0),
('487202', 3221, 81, 1300, 0),
('504154', 2653, 73, 1350, 0),
('511096', 3158, 78, 1300, 0),
('591617', 3134, 83, 1050, 0),
('641342', 2653, 75, 1350, 0),
('658340', 2543, 70, 1300, 0),
('676997', 2527, 65, 1350, 0),
('683003', 2671, 72, 1300, 0),
('741322', 2543, 67, 1300, 0),
('792510', 2671, 67, 1300, 0),
('813291', 3412, 78, 1300, 0),
('846996', 2543, 69, 1300, 0),
('879467', 2563, 77, 1350, 0),
('906020', 2955, 82, 1050, 0),
('982832', 2531, 74, 1350, 0);

-- --------------------------------------------------------

--
-- Stand-in structure for view `to_flight`
-- (See below for the actual view)
--
CREATE TABLE `to_flight` (
`AirlinesName` varchar(45)
,`AricraftName` varchar(45)
,`Arrival_To` varchar(3)
,`ArrivalTime` time
,`available_BC_Seat` int
,`available_EC_Seat` int
,`BusinessClassPrice` float
,`Departure_From` varchar(3)
,`DepartureTime` time
,`EconomyClassPrice` float
,`id` varchar(5)
);

-- --------------------------------------------------------

--
-- Table structure for table `users`
--

CREATE TABLE `users` (
  `id` int NOT NULL,
  `username` varchar(45) NOT NULL,
  `email` varchar(45) NOT NULL,
  `password` varchar(45) NOT NULL
) ENGINE=InnoDB DEFAULT CHARSET=utf8;

--
-- Dumping data for table `users`
--

INSERT INTO `users` (`id`, `username`, `email`, `password`) VALUES
(1, 'Sharif', 'ronysharif@gmail.com', '81dc9bdb52d04dc20036dbd8313ed055'),
(2, 'Rony', 'ronysharif@yahoo.com', 'b59c67bf196a4758191e42f76670ceba'),
(9, 'rony', 'ronyeh@yahoo.com', '81dc9bdb52d04dc20036dbd8313ed055');

-- --------------------------------------------------------

--
-- Structure for view `all_flight_info`
--
DROP TABLE IF EXISTS `all_flight_info`;

CREATE ALGORITHM=UNDEFINED DEFINER=`root`@`localhost` SQL SECURITY DEFINER VIEW `all_flight_info`  AS SELECT `f`.`id` AS `id`, `a`.`AirlinesName` AS `AirlinesName`, `ac`.`AricraftName` AS `AricraftName`, `f`.`planID` AS `planID`, `f`.`Date` AS `date`, `fr`.`DepartureAirport_Id` AS `Departure_From`, `fr`.`ArrivalAirport_Id` AS `Arrival_To`, `fp`.`DepartureTime` AS `DepartureTime`, `fp`.`ArrivalTime` AS `ArrivalTime`, `rp`.`BusinessClassPrice` AS `BusinessClassPrice`, `rp`.`EconomyClassPrice` AS `EconomyClassPrice`, `f`.`BusinessClassSeat` AS `available_BC_Seat`, `f`.`EconomyClassSeat` AS `available_EC_Seat` FROM (((((`flight` `f` join `flightplan` `fp` on((`f`.`planID` = `fp`.`id`))) join `routeprice` `rp` on((`fp`.`Routeprice_Id` = `rp`.`id`))) join `flightroutes` `fr` on((`rp`.`FlightRoute_Id` = `fr`.`id`))) join `aricrafts` `ac` on((`rp`.`Aircrafts_Id` = `ac`.`id`))) join `airlines` `a` on((`ac`.`AirlinesId` = `a`.`id`))) ORDER BY `f`.`id` ASC ;

-- --------------------------------------------------------

--
-- Structure for view `all_ticket_info`
--
DROP TABLE IF EXISTS `all_ticket_info`;

CREATE ALGORITHM=UNDEFINED DEFINER=`root`@`localhost` SQL SECURITY DEFINER VIEW `all_ticket_info`  AS SELECT `pb`.`id` AS `id`, `b`.`id` AS `BookingID`, `u`.`email` AS `userEmail`, `t`.`id` AS `Ticket_Num`, `pb`.`passengerName` AS `PassengerName`, `afi`.`AirlinesName` AS `AirlinesName`, `afi`.`AricraftName` AS `AricraftName`, `afi`.`planID` AS `Flight_Num`, `afi`.`date` AS `date`, `afi`.`Departure_From` AS `Departure_From`, `afi`.`Arrival_To` AS `Arrival_To`, `afi`.`DepartureTime` AS `DepartureTime`, `afi`.`ArrivalTime` AS `ArrivalTime`, `t`.`Class` AS `Class`, `t`.`TotalPrice` AS `price` FROM ((((`booking` `b` join `passengerbooking` `pb` on((`pb`.`BookingID` = `b`.`id`))) join `users` `u` on((`u`.`id` = `b`.`userID`))) join `ticket` `t` on((`t`.`PassBookId` = `pb`.`id`))) join `all_flight_info` `afi` on((`afi`.`id` = `t`.`FlightId`))) ORDER BY `pb`.`id` ASC ;

-- --------------------------------------------------------

--
-- Structure for view `insert_fp`
--
DROP TABLE IF EXISTS `insert_fp`;

CREATE ALGORITHM=UNDEFINED DEFINER=`root`@`localhost` SQL SECURITY DEFINER VIEW `insert_fp`  AS SELECT `fp`.`id` AS `id`, `fp`.`DepartureTime` AS `DepartureTime`, `fp`.`ArrivalTime` AS `ArrivalTime`, `ac`.`EconomyClassSeat` AS `EconomyClassSeat`, `ac`.`BusinessClassSeat` AS `BusinessClassSeat`, `rp`.`EconomyClassPrice` AS `EconomyClassPrice`, `rp`.`BusinessClassPrice` AS `BusinessClassPrice` FROM ((`flightplan` `fp` join `routeprice` `rp` on((`fp`.`Routeprice_Id` = `rp`.`id`))) join `aricrafts` `ac` on((`rp`.`Aircrafts_Id` = `ac`.`id`))) ORDER BY `fp`.`DepartureTime` ASC ;

-- --------------------------------------------------------

--
-- Structure for view `to_flight`
--
DROP TABLE IF EXISTS `to_flight`;

CREATE ALGORITHM=UNDEFINED DEFINER=`root`@`localhost` SQL SECURITY DEFINER VIEW `to_flight`  AS SELECT `fp`.`id` AS `id`, `a`.`AirlinesName` AS `AirlinesName`, `ac`.`AricraftName` AS `AricraftName`, `fr`.`DepartureAirport_Id` AS `Departure_From`, `fr`.`ArrivalAirport_Id` AS `Arrival_To`, `fp`.`DepartureTime` AS `DepartureTime`, `fp`.`ArrivalTime` AS `ArrivalTime`, `rp`.`BusinessClassPrice` AS `BusinessClassPrice`, `rp`.`EconomyClassPrice` AS `EconomyClassPrice`, `ac`.`BusinessClassSeat` AS `available_BC_Seat`, `ac`.`EconomyClassSeat` AS `available_EC_Seat` FROM ((((`flightplan` `fp` join `routeprice` `rp` on((`fp`.`Routeprice_Id` = `rp`.`id`))) join `flightroutes` `fr` on((`rp`.`FlightRoute_Id` = `fr`.`id`))) join `aricrafts` `ac` on((`rp`.`Aircrafts_Id` = `ac`.`id`))) join `airlines` `a` on((`ac`.`AirlinesId` = `a`.`id`))) ORDER BY `fp`.`id` ASC ;

--
-- Indexes for dumped tables
--

--
-- Indexes for table `airlines`
--
ALTER TABLE `airlines`
  ADD PRIMARY KEY (`id`),
  ADD UNIQUE KEY `id_UNIQUE` (`id`);

--
-- Indexes for table `airports`
--
ALTER TABLE `airports`
  ADD PRIMARY KEY (`id`),
  ADD UNIQUE KEY `id_UNIQUE` (`id`);

--
-- Indexes for table `aricrafts`
--
ALTER TABLE `aricrafts`
  ADD PRIMARY KEY (`id`),
  ADD UNIQUE KEY `id_UNIQUE` (`id`),
  ADD KEY `AirlinesId_idx` (`AirlinesId`);

--
-- Indexes for table `booking`
--
ALTER TABLE `booking`
  ADD PRIMARY KEY (`id`),
  ADD UNIQUE KEY `id_UNIQUE` (`id`),
  ADD KEY `userID_idx` (`userID`);

--
-- Indexes for table `flight`
--
ALTER TABLE `flight`
  ADD PRIMARY KEY (`id`),
  ADD UNIQUE KEY `id_UNIQUE` (`id`),
  ADD KEY `planID_idx` (`planID`);

--
-- Indexes for table `flightplan`
--
ALTER TABLE `flightplan`
  ADD PRIMARY KEY (`id`),
  ADD UNIQUE KEY `id_UNIQUE` (`id`),
  ADD KEY `Routeprice_Id_idx` (`Routeprice_Id`);

--
-- Indexes for table `flightroutes`
--
ALTER TABLE `flightroutes`
  ADD PRIMARY KEY (`id`),
  ADD UNIQUE KEY `id_UNIQUE` (`id`),
  ADD KEY `DepartureAirport_Id_idx` (`DepartureAirport_Id`),
  ADD KEY `ArrivelAirport_Id_idx` (`ArrivalAirport_Id`);

--
-- Indexes for table `monitor_sell`
--
ALTER TABLE `monitor_sell`
  ADD PRIMARY KEY (`id`),
  ADD KEY `updateDt` (`updateDt`);

--
-- Indexes for table `passengerbooking`
--
ALTER TABLE `passengerbooking`
  ADD PRIMARY KEY (`id`),
  ADD UNIQUE KEY `id_UNIQUE` (`id`),
  ADD KEY `BookingcolID_idx` (`BookingID`),
  ADD KEY `PassengerID_idx` (`passengerName`);

--
-- Indexes for table `routeprice`
--
ALTER TABLE `routeprice`
  ADD PRIMARY KEY (`id`),
  ADD UNIQUE KEY `id_UNIQUE` (`id`),
  ADD KEY `Aircrafts_Id_idx` (`Aircrafts_Id`),
  ADD KEY `FlightRoute_Id_idx` (`FlightRoute_Id`);

--
-- Indexes for table `ticket`
--
ALTER TABLE `ticket`
  ADD PRIMARY KEY (`id`),
  ADD UNIQUE KEY `id_UNIQUE` (`id`),
  ADD KEY `FlightID_idx` (`FlightId`),
  ADD KEY `PassBookID_idx` (`PassBookId`),
  ADD KEY `jobTitle` (`id`);

--
-- Indexes for table `users`
--
ALTER TABLE `users`
  ADD PRIMARY KEY (`id`),
  ADD UNIQUE KEY `id_UNIQUE` (`id`);

--
-- AUTO_INCREMENT for dumped tables
--

--
-- AUTO_INCREMENT for table `aricrafts`
--
ALTER TABLE `aricrafts`
  MODIFY `id` int NOT NULL AUTO_INCREMENT, AUTO_INCREMENT=5;

--
-- AUTO_INCREMENT for table `flight`
--
ALTER TABLE `flight`
  MODIFY `id` int NOT NULL AUTO_INCREMENT, AUTO_INCREMENT=3434;

--
-- AUTO_INCREMENT for table `flightroutes`
--
ALTER TABLE `flightroutes`
  MODIFY `id` int NOT NULL AUTO_INCREMENT, AUTO_INCREMENT=41;

--
-- AUTO_INCREMENT for table `monitor_sell`
--
ALTER TABLE `monitor_sell`
  MODIFY `id` int NOT NULL AUTO_INCREMENT, AUTO_INCREMENT=21;

--
-- AUTO_INCREMENT for table `passengerbooking`
--
ALTER TABLE `passengerbooking`
  MODIFY `id` int NOT NULL AUTO_INCREMENT, AUTO_INCREMENT=84;

--
-- AUTO_INCREMENT for table `routeprice`
--
ALTER TABLE `routeprice`
  MODIFY `id` int NOT NULL AUTO_INCREMENT, AUTO_INCREMENT=21;

--
-- AUTO_INCREMENT for table `users`
--
ALTER TABLE `users`
  MODIFY `id` int NOT NULL AUTO_INCREMENT, AUTO_INCREMENT=10;

--
-- Constraints for dumped tables
--

--
-- Constraints for table `aricrafts`
--
ALTER TABLE `aricrafts`
  ADD CONSTRAINT `AirlinesId` FOREIGN KEY (`AirlinesId`) REFERENCES `airlines` (`id`);

--
-- Constraints for table `booking`
--
ALTER TABLE `booking`
  ADD CONSTRAINT `userID` FOREIGN KEY (`userID`) REFERENCES `users` (`id`);

--
-- Constraints for table `flight`
--
ALTER TABLE `flight`
  ADD CONSTRAINT `planID` FOREIGN KEY (`planID`) REFERENCES `flightplan` (`id`);

--
-- Constraints for table `flightplan`
--
ALTER TABLE `flightplan`
  ADD CONSTRAINT `Routeprice_Id` FOREIGN KEY (`Routeprice_Id`) REFERENCES `routeprice` (`id`);

--
-- Constraints for table `flightroutes`
--
ALTER TABLE `flightroutes`
  ADD CONSTRAINT `ArrivelAirport_Id` FOREIGN KEY (`ArrivalAirport_Id`) REFERENCES `airports` (`id`),
  ADD CONSTRAINT `DepartureAirport_Id` FOREIGN KEY (`DepartureAirport_Id`) REFERENCES `airports` (`id`);

--
-- Constraints for table `passengerbooking`
--
ALTER TABLE `passengerbooking`
  ADD CONSTRAINT `BookingID` FOREIGN KEY (`BookingID`) REFERENCES `booking` (`id`);

--
-- Constraints for table `routeprice`
--
ALTER TABLE `routeprice`
  ADD CONSTRAINT `Aircrafts_Id` FOREIGN KEY (`Aircrafts_Id`) REFERENCES `aricrafts` (`id`),
  ADD CONSTRAINT `FlightRoute_Id` FOREIGN KEY (`FlightRoute_Id`) REFERENCES `flightroutes` (`id`);

--
-- Constraints for table `ticket`
--
ALTER TABLE `ticket`
  ADD CONSTRAINT `FlightID` FOREIGN KEY (`FlightId`) REFERENCES `flight` (`id`),
  ADD CONSTRAINT `PassBookID` FOREIGN KEY (`PassBookId`) REFERENCES `passengerbooking` (`id`);

DELIMITER $$
--
-- Events
--
CREATE DEFINER=`root`@`localhost` EVENT `Total_Sell` ON SCHEDULE EVERY 1 DAY STARTS '2021-03-12 00:00:00' ON COMPLETION PRESERVE ENABLE DO BEGIN
   insert into monitor_sell(TotalSell,updateDt) values
   (Total_Sell(),now());

END$$

DELIMITER ;
COMMIT;

/*!40101 SET CHARACTER_SET_CLIENT=@OLD_CHARACTER_SET_CLIENT */;
/*!40101 SET CHARACTER_SET_RESULTS=@OLD_CHARACTER_SET_RESULTS */;
/*!40101 SET COLLATION_CONNECTION=@OLD_COLLATION_CONNECTION */;
